{"cameraMode":{"drawMode":0,"name":"Shaded","section":"Shading Mode"},"sceneLighting":false,"audioPlay":false,"sceneViewState":{"m_AlwaysRefresh":false,"showFog":true,"showSkybox":false,"showFlares":true,"showImageEffects":true,"showParticleSystems":true,"showVisualEffectGraphs":true,"m_FxEnabled":true},"in2DMode":false,"pivot":{"x":289.5948486328125,"y":15.742947578430176,"z":268.5311279296875},"rotation":{"x":0.15406078100204469,"y":-0.042667463421821597,"z":0.006662502884864807,"w":0.9872000813484192},"size":26.828798294067384,"orthographic":false}